Person,Age,City,PersonDetails,Hangout,ContractType,DateStarted
Delilah D. Bolton,60,Durango,"Lorem ipsum dolor sit amet, consectetuer adipiscing elit. Curabitur",GitHub,Helpful ISP Support,2008-04-01 18:19:23
Indira B. Noble,20,Youngstown,"Lorem ipsum dolor sit amet, consectetuer adipiscing elit. Curabitur sed",,GoDaddy Web Designer,2008-10-21 21:39:42
Virginia Y. Gillespie,23,Fountain Valley,Lorem,,Helpful ISP Support,2012-01-21 11:51:05
Uriel G. Perez,33,Beverly Hills,"Lorem ipsum dolor sit amet, consectetuer adipiscing",Hacker News,Social Media Expert,2012-08-21 23:55:19
Lacey X. Roman,59,Atlantic City,"Lorem ipsum dolor sit amet, consectetuer adipiscing",Twitter,Social Media Expert,2011-05-18 05:15:42
Aidan A. Gregory,70,Columbia,"Lorem ipsum dolor sit amet,",,WP8 Sales Rep,2013-09-04 12:40:26
Zoe N. Kinney,51,Bowie,"Lorem ipsum dolor sit amet, consectetuer adipiscing elit. Curabitur sed",Twitter,WP8 Sales Rep,2013-05-30 11:42:25
Yen Q. Odom,59,Chester,Lorem ipsum,,GoDaddy Web Designer,2007-08-08 03:37:00
Blair A. Mosley,48,Wilmington,"Lorem ipsum dolor sit amet,",,Oracle Goon,2012-08-18 02:21:26
Imani Q. Poole,69,Blacksburg,"Lorem ipsum dolor sit amet, consectetuer adipiscing",,Oracle Goon,2009-05-28 03:02:06
Rafael S. Fischer,62,Somerville,Lorem ipsum,GitHub,Oracle Goon,2007-06-07 19:25:08
Calista C. Melton,70,Moraga,Lorem ipsum dolor sit,,GoDaddy Web Designer,2010-12-23 15:31:22
Chester Q. Osborn,47,Norwalk,"Lorem ipsum dolor sit amet, consectetuer",Reddit,Sharepoint Guru,2007-07-19 09:28:11
Erin J. Zimmerman,35,Lansing,Lorem,PeepCode,WP8 Sales Rep,2012-09-27 06:56:40
Lucas A. Harrell,24,Riverton,"Lorem ipsum dolor sit amet, consectetuer adipiscing elit. Curabitur sed",,Helpful ISP Support,2008-03-02 05:50:13
Callie B. Haney,27,Cape Girardeau,Lorem,Reddit,Sharepoint Guru,2012-11-24 16:29:34
Rhea G. Petersen,59,Bellingham,"Lorem ipsum dolor sit amet, consectetuer",Twitter,GoDaddy Web Designer,2010-10-09 13:30:50
Leilani S. Clay,20,Winston-Salem,"Lorem ipsum dolor sit amet, consectetuer",Hacker News,GoDaddy Web Designer,2011-05-06 17:46:46
Carissa C. Pate,55,Butte,"Lorem ipsum dolor sit amet,",Tekpub,WP8 Sales Rep,2008-07-26 20:52:23
Brielle T. English,55,Battle Creek,Lorem,,Helpful ISP Support,2006-10-18 14:59:55
Beau Q. Mckee,32,Berlin,"Lorem ipsum dolor sit amet, consectetuer adipiscing elit. Curabitur sed",Tekpub,Oracle Goon,2006-12-15 10:06:41
Holmes F. Holman,20,Jefferson City,"Lorem ipsum dolor sit amet, consectetuer adipiscing elit.",,Social Media Expert,2006-09-30 23:24:23
Ahmed V. Petersen,18,DeKalb,"Lorem ipsum dolor sit amet, consectetuer adipiscing elit. Curabitur sed",,WP8 Sales Rep,2011-12-15 16:36:38
Camden I. Kelley,30,Irwindale,Lorem ipsum dolor sit,Reddit,Oracle Goon,2007-05-01 06:19:19
Shana N. Thornton,51,Irvine,"Lorem ipsum dolor sit amet,",GitHub,Sadministrator,2013-02-19 20:24:09
Jessamine K. Cunningham,65,Omaha,Lorem,,Sadministrator,2010-03-23 14:26:34
Lareina F. Downs,27,Downey,"Lorem ipsum dolor sit amet, consectetuer adipiscing elit. Curabitur",,Sharepoint Guru,2011-09-21 02:12:50
Alan R. Reeves,25,La Jolla,"Lorem ipsum dolor sit amet, consectetuer adipiscing elit. Curabitur sed",,Social Media Expert,2008-08-16 15:29:06
Ishmael L. Frank,52,Saint Cloud,"Lorem ipsum dolor sit amet, consectetuer adipiscing elit.",,Social Media Expert,2009-03-31 13:19:27
Kieran C. Logan,67,Biddeford,Lorem ipsum dolor,Arstechnica,Social Media Expert,2009-08-19 17:33:53
Cheyenne V. Hatfield,62,Melrose,Lorem,,Sharepoint Guru,2011-08-12 15:13:00
Kieran Q. Vaughan,70,Denver,"Lorem ipsum dolor sit amet, consectetuer",Twitter,Social Media Expert,2011-03-22 22:02:57
Price S. Vargas,62,Sacramento,Lorem ipsum dolor sit,,Oracle Goon,2013-04-07 22:56:54
Brock T. Hubbard,49,Corry,Lorem ipsum dolor,,Helpful ISP Support,2006-12-04 13:12:25
Quin C. Cervantes,58,Galveston,"Lorem ipsum dolor sit amet, consectetuer adipiscing elit.",GitHub,Sharepoint Guru,2010-02-15 13:45:58
Tara X. Holland,30,Medford,"Lorem ipsum dolor sit amet, consectetuer",,WP8 Sales Rep,2010-05-05 10:01:25
Callie O. Ewing,51,Davis,"Lorem ipsum dolor sit amet, consectetuer",Tekpub,Oracle Goon,2010-09-05 09:10:21
Brynn V. King,53,Isle of Palms,Lorem ipsum,,GoDaddy Web Designer,2009-05-04 09:32:46
Lucian K. Bishop,39,Chino Hills,"Lorem ipsum dolor sit amet, consectetuer adipiscing elit. Curabitur sed",Twitter,WP8 Sales Rep,2009-06-28 13:17:19
Zia Z. Dillard,28,Cerritos,"Lorem ipsum dolor sit amet, consectetuer",Twitter,Sharepoint Guru,2008-08-21 22:51:28
Abbot M. Mejia,52,Pullman,Lorem,GitHub,GoDaddy Web Designer,2009-10-22 11:10:02
Phelan R. Bean,37,La Crosse,"Lorem ipsum dolor sit amet, consectetuer adipiscing",,Sadministrator,2009-05-23 11:25:29
Berk T. Vargas,62,Salinas,Lorem ipsum,Tekpub,WP8 Sales Rep,2007-05-28 15:35:04
Raven A. Joyner,63,Newton,"Lorem ipsum dolor sit amet, consectetuer adipiscing elit. Curabitur sed",GitHub,Social Media Expert,2010-03-29 15:25:03
Daniel S. Lester,30,Midwest City,"Lorem ipsum dolor sit amet,",,GoDaddy Web Designer,2008-12-27 00:59:11
Allistair Z. Bernard,68,Vermillion,Lorem,Reddit,WP8 Sales Rep,2013-01-18 06:52:50
Nicholas Y. Harris,37,Annapolis,"Lorem ipsum dolor sit amet, consectetuer",Twitter,WP8 Sales Rep,2010-07-15 17:57:19
Roanna L. Alvarado,25,Rockford,Lorem,,Sadministrator,2012-05-03 03:25:51
Clark I. Jennings,42,Kankakee,"Lorem ipsum dolor sit amet, consectetuer adipiscing",GitHub,Helpful ISP Support,2007-06-01 13:41:08
Herrod L. Jimenez,44,McAlester,"Lorem ipsum dolor sit amet, consectetuer",Arstechnica,Helpful ISP Support,2008-07-22 21:28:01
Grant B. Bradford,59,Calumet City,"Lorem ipsum dolor sit amet, consectetuer adipiscing elit. Curabitur sed",,Sadministrator,2013-04-23 06:11:29
Odette V. Barker,59,Carolina,"Lorem ipsum dolor sit amet, consectetuer",,Social Media Expert,2009-04-19 17:39:48
Keaton A. Nelson,54,New Madrid,"Lorem ipsum dolor sit amet, consectetuer adipiscing elit. Curabitur",,Helpful ISP Support,2008-03-18 19:16:23
Oliver P. Jackson,40,Commerce,Lorem ipsum dolor,,Sadministrator,2012-09-29 00:26:50
Zelda E. Cohen,69,Montgomery,"Lorem ipsum dolor sit amet,",Arstechnica,Helpful ISP Support,2011-02-22 12:00:29
Carol P. Donovan,63,Lubbock,Lorem ipsum dolor,,Sharepoint Guru,2013-02-08 09:11:17
Iona G. Gay,69,Bozeman,Lorem ipsum,Hacker News,Sharepoint Guru,2010-01-31 08:48:01
Maggie O. Fuller,44,Monterey,"Lorem ipsum dolor sit amet, consectetuer adipiscing elit.",Tekpub,Social Media Expert,2008-06-04 17:47:25
Rudyard T. Rosa,65,Paducah,Lorem,,GoDaddy Web Designer,2013-08-17 01:20:37
Ruby Z. Snow,56,Sunbury,"Lorem ipsum dolor sit amet, consectetuer adipiscing",Arstechnica,Sharepoint Guru,2011-03-27 11:02:45
Casey H. Wallace,21,Montebello,"Lorem ipsum dolor sit amet, consectetuer adipiscing elit. Curabitur sed",,Social Media Expert,2009-01-19 14:36:28
Marcia X. Odom,27,Marlborough,Lorem,PeepCode,Oracle Goon,2010-02-12 06:59:33
Brittany B. Mosley,65,Lawrence,"Lorem ipsum dolor sit amet, consectetuer adipiscing elit. Curabitur sed",PeepCode,Sharepoint Guru,2012-01-26 15:44:47
Aubrey W. Delaney,65,Montpelier,"Lorem ipsum dolor sit amet, consectetuer",Tekpub,GoDaddy Web Designer,2009-01-06 16:20:39
Chase N. Turner,66,Avalon,Lorem ipsum,,Sadministrator,2013-09-10 05:23:48
Dean W. Arnold,18,Greensboro,"Lorem ipsum dolor sit amet, consectetuer adipiscing elit. Curabitur sed",,GoDaddy Web Designer,2008-08-12 07:39:16
Charissa Y. Bradford,40,Hazleton,Lorem ipsum dolor,PeepCode,WP8 Sales Rep,2008-03-10 23:18:10
Griffith X. Christensen,43,Orem,"Lorem ipsum dolor sit amet,",Reddit,WP8 Sales Rep,2007-02-20 18:08:07
Rhona A. Dodson,19,Naperville,Lorem ipsum,,Sadministrator,2010-07-23 02:37:10
Kamal W. Bradley,34,New Albany,"Lorem ipsum dolor sit amet, consectetuer adipiscing",,WP8 Sales Rep,2006-12-28 06:38:46
Julie M. King,45,Lansing,"Lorem ipsum dolor sit amet, consectetuer adipiscing elit.",Hacker News,Oracle Goon,2011-05-06 00:16:21
Ivana B. Bartlett,33,West Lafayette,Lorem ipsum dolor sit,,Helpful ISP Support,2011-02-04 20:05:11
Georgia H. William,18,Plano,Lorem ipsum dolor sit,Twitter,Sharepoint Guru,2013-06-24 09:17:44
Hayes H. Greene,38,Norfolk,"Lorem ipsum dolor sit amet, consectetuer adipiscing elit. Curabitur",GitHub,WP8 Sales Rep,2008-08-25 07:22:44
Simone C. Winters,37,Easton,"Lorem ipsum dolor sit amet, consectetuer adipiscing",Reddit,WP8 Sales Rep,2008-01-25 05:28:41
Michelle Z. Phelps,47,Hartford,Lorem ipsum,,GoDaddy Web Designer,2009-07-20 14:00:31
Hunter O. Pace,54,Joplin,Lorem ipsum dolor sit,,Helpful ISP Support,2012-02-24 00:21:36
Morgan H. Dudley,32,Omaha,Lorem ipsum,PeepCode,Oracle Goon,2012-02-20 17:19:36
Unity T. Benjamin,28,Rapid City,Lorem,,GoDaddy Web Designer,2011-10-06 13:42:03
Elton A. Abbott,51,Manhattan Beach,Lorem,Hacker News,Helpful ISP Support,2011-03-30 14:11:27
Ebony B. Miles,44,San Rafael,Lorem ipsum dolor sit,GitHub,GoDaddy Web Designer,2011-09-05 23:27:59
Alika W. Craft,25,Compton,"Lorem ipsum dolor sit amet, consectetuer adipiscing elit. Curabitur sed",,Oracle Goon,2010-11-28 14:32:20
Gage B. Thompson,29,Brigham City,"Lorem ipsum dolor sit amet,",,GoDaddy Web Designer,2012-11-25 19:03:43
Zena E. Cantrell,52,Selma,"Lorem ipsum dolor sit amet, consectetuer adipiscing",PeepCode,Helpful ISP Support,2010-11-06 10:56:43
Xenos D. Kirkland,52,Ogden,"Lorem ipsum dolor sit amet, consectetuer adipiscing",GitHub,GoDaddy Web Designer,2012-10-12 16:14:42
Brenna E. Prince,57,Gettysburg,"Lorem ipsum dolor sit amet, consectetuer",,Helpful ISP Support,2010-10-17 15:14:48
Scarlet R. Robinson,40,Bandon,Lorem ipsum dolor,,Social Media Expert,2013-07-04 03:18:24
Marah S. Joyce,52,Coatesville,"Lorem ipsum dolor sit amet, consectetuer",,Oracle Goon,2010-10-17 07:26:22
Robert N. Mckinney,39,Galveston,Lorem ipsum dolor sit,GitHub,Helpful ISP Support,2006-12-31 12:53:07
Fatima G. Booker,59,Concord,"Lorem ipsum dolor sit amet,",,Sharepoint Guru,2013-05-18 20:20:52
Charles T. Mooney,62,Hidden Hills,"Lorem ipsum dolor sit amet, consectetuer adipiscing elit.",Reddit,Helpful ISP Support,2012-09-09 19:10:23
Blythe U. Cunningham,25,Binghamton,"Lorem ipsum dolor sit amet, consectetuer adipiscing elit. Curabitur sed",Arstechnica,GoDaddy Web Designer,2012-09-13 23:40:05
Andrew Z. Valencia,66,Galveston,"Lorem ipsum dolor sit amet, consectetuer",Tekpub,WP8 Sales Rep,2007-11-28 07:49:14
Tarik U. Noel,22,Marquette,"Lorem ipsum dolor sit amet, consectetuer adipiscing elit.",Hacker News,GoDaddy Web Designer,2010-02-08 08:32:07
Rae Y. Parks,65,Billings,Lorem,,Helpful ISP Support,2008-10-18 20:34:38
Paloma R. Elliott,33,Kearns,"Lorem ipsum dolor sit amet, consectetuer adipiscing elit. Curabitur",Twitter,Sharepoint Guru,2011-01-13 17:58:01
Hope C. Byrd,60,Kona,"Lorem ipsum dolor sit amet, consectetuer adipiscing",GitHub,Sadministrator,2009-02-17 07:32:17
Myles T. Estes,20,Butler,Lorem,,Helpful ISP Support,2008-09-26 20:11:29
Tana V. Roach,31,North Little Rock,Lorem,Reddit,Social Media Expert,2011-09-12 15:32:34
Sebastian B. Savage,48,Longview,"Lorem ipsum dolor sit amet, consectetuer adipiscing elit.",,Sadministrator,2012-07-19 09:19:38
Gillian U. Wallace,64,Peoria,"Lorem ipsum dolor sit amet,",GitHub,Sharepoint Guru,2007-12-18 14:38:09
Hillary H. Watts,26,Lynn,"Lorem ipsum dolor sit amet, consectetuer adipiscing elit. Curabitur sed",Twitter,GoDaddy Web Designer,2006-10-17 22:30:33
Cameran L. Alexander,67,Vineland,"Lorem ipsum dolor sit amet, consectetuer adipiscing elit. Curabitur sed",Arstechnica,WP8 Sales Rep,2010-07-21 00:52:38
Alden U. Lewis,36,Delta Junction,Lorem,Twitter,Sadministrator,2012-08-09 10:59:14
Ivor T. Flynn,23,Racine,"Lorem ipsum dolor sit amet, consectetuer adipiscing elit.",GitHub,Helpful ISP Support,2009-12-26 01:29:10
Kitra I. Ware,25,West Haven,Lorem,Reddit,Sadministrator,2011-05-02 14:42:35
Dale I. Goff,35,East Hartford,Lorem ipsum,Hacker News,WP8 Sales Rep,2013-05-27 04:24:40
Alden O. Britt,59,Texas City,Lorem ipsum dolor,PeepCode,WP8 Sales Rep,2011-08-04 03:41:41
George Z. Huff,21,Montgomery,Lorem ipsum dolor sit,Twitter,Helpful ISP Support,2010-11-13 02:22:31
Uriel Q. Atkinson,55,Newark,"Lorem ipsum dolor sit amet, consectetuer",Reddit,Sharepoint Guru,2013-07-12 17:14:14
Olga S. Bowman,29,Dearborn,Lorem,Arstechnica,Social Media Expert,2013-03-06 23:43:30
Amanda A. Buchanan,55,Zanesville,"Lorem ipsum dolor sit amet, consectetuer adipiscing",PeepCode,GoDaddy Web Designer,2009-10-22 12:41:30
Emi O. Oliver,25,Tupelo,"Lorem ipsum dolor sit amet, consectetuer adipiscing elit.",Twitter,Helpful ISP Support,2008-12-16 04:59:13
Bruno O. Holden,29,Boulder Junction,"Lorem ipsum dolor sit amet, consectetuer adipiscing elit. Curabitur",,Sadministrator,2013-07-11 19:19:10
Erich S. Love,42,Appleton,Lorem ipsum dolor,GitHub,WP8 Sales Rep,2008-10-25 16:10:43
Nigel N. Browning,52,Niagara Falls,"Lorem ipsum dolor sit amet, consectetuer adipiscing",,Sharepoint Guru,2008-07-15 13:10:45
Michael H. Huber,37,Washington,"Lorem ipsum dolor sit amet,",,WP8 Sales Rep,2007-04-24 13:11:15
Edward E. Lara,62,Naperville,Lorem ipsum dolor,GitHub,GoDaddy Web Designer,2013-01-20 13:19:06
Raja H. Molina,50,Cambridge,"Lorem ipsum dolor sit amet, consectetuer adipiscing",GitHub,Sadministrator,2011-01-03 03:34:52
Gail H. Harrison,56,Mesquite,Lorem,Arstechnica,Sharepoint Guru,2007-06-04 10:21:30
Risa M. Hodges,51,Madison,"Lorem ipsum dolor sit amet, consectetuer adipiscing elit. Curabitur",Tekpub,Social Media Expert,2008-11-04 05:23:45
Donovan Y. Riley,26,Lafayette,Lorem,Arstechnica,GoDaddy Web Designer,2013-04-20 09:03:24
Sharon R. Owens,26,Bay St. Louis,"Lorem ipsum dolor sit amet, consectetuer adipiscing elit. Curabitur sed",Tekpub,WP8 Sales Rep,2011-04-19 03:35:08
Anika N. Hahn,27,Menomonee Falls,"Lorem ipsum dolor sit amet, consectetuer adipiscing",Twitter,Social Media Expert,2007-06-05 19:06:38
Cheryl U. Navarro,47,Chesapeake,Lorem ipsum,PeepCode,Sharepoint Guru,2007-02-02 12:40:16
Damon B. Marsh,68,Ponce,"Lorem ipsum dolor sit amet, consectetuer adipiscing elit.",,Sharepoint Guru,2007-10-21 14:31:25
Mira P. Walter,60,Topeka,"Lorem ipsum dolor sit amet, consectetuer adipiscing elit. Curabitur sed",,Sadministrator,2007-06-28 15:18:49
Galena U. Bradley,49,Fort Wayne,"Lorem ipsum dolor sit amet, consectetuer adipiscing elit. Curabitur",Hacker News,Sadministrator,2013-04-25 04:57:25
Patience S. Santos,32,Monrovia,Lorem ipsum dolor,,Helpful ISP Support,2009-02-21 04:35:07
Molly G. Robinson,28,Mason City,"Lorem ipsum dolor sit amet, consectetuer",PeepCode,Sharepoint Guru,2013-04-01 10:35:14
Alfonso Q. Puckett,70,La Habra Heights,Lorem ipsum,,Sadministrator,2009-08-29 12:36:43
Kamal Y. Goff,57,Fremont,"Lorem ipsum dolor sit amet, consectetuer adipiscing elit.",PeepCode,Sharepoint Guru,2010-07-31 21:15:21
Avye W. Delgado,37,Columbus,"Lorem ipsum dolor sit amet, consectetuer adipiscing elit. Curabitur sed",,GoDaddy Web Designer,2011-10-11 09:46:13
Raphael M. Mcfadden,55,Riverside,"Lorem ipsum dolor sit amet, consectetuer adipiscing elit. Curabitur sed",,Oracle Goon,2007-09-30 10:40:32
Emery L. Sutton,41,Bethany,Lorem,Arstechnica,Social Media Expert,2008-09-03 23:07:20
Wyatt C. Brady,41,Texas City,"Lorem ipsum dolor sit amet, consectetuer adipiscing",,GoDaddy Web Designer,2012-10-23 18:31:14
Hayes L. Randall,43,Cape Girardeau,"Lorem ipsum dolor sit amet, consectetuer adipiscing elit. Curabitur sed",,WP8 Sales Rep,2008-06-07 21:37:27
Erich E. Bright,44,Boulder,"Lorem ipsum dolor sit amet,",PeepCode,Social Media Expert,2007-01-26 15:20:35
Simone I. Love,51,Fort Wayne,"Lorem ipsum dolor sit amet, consectetuer adipiscing elit. Curabitur",,GoDaddy Web Designer,2008-01-19 15:24:54
Harriet I. Snyder,37,Shreveport,"Lorem ipsum dolor sit amet,",,Helpful ISP Support,2012-10-11 02:00:40
Lysandra E. Roberson,31,Pottsville,"Lorem ipsum dolor sit amet, consectetuer adipiscing elit.",,Oracle Goon,2008-10-03 07:15:50
Gavin R. Chavez,68,Waycross,"Lorem ipsum dolor sit amet,",,WP8 Sales Rep,2011-10-13 16:15:29
Evelyn I. Kirkland,55,Spokane Valley,"Lorem ipsum dolor sit amet, consectetuer",PeepCode,Oracle Goon,2010-11-01 11:39:15
Ruth C. York,61,Sun Valley,Lorem ipsum dolor,Hacker News,Sadministrator,2006-11-29 06:35:09
Lacy E. Graves,30,Eden Prairie,"Lorem ipsum dolor sit amet, consectetuer",,Sharepoint Guru,2008-01-14 01:50:00
Meredith D. Merritt,36,Stevens Point,"Lorem ipsum dolor sit amet, consectetuer",Hacker News,Oracle Goon,2012-12-23 02:09:08
Ann G. Holt,67,Tucson,"Lorem ipsum dolor sit amet, consectetuer adipiscing elit. Curabitur sed",Arstechnica,Sharepoint Guru,2007-07-22 21:59:37
Debra R. Riggs,64,Livonia,"Lorem ipsum dolor sit amet, consectetuer adipiscing elit.",GitHub,WP8 Sales Rep,2008-05-20 07:52:33
Minerva L. Bright,70,Medford,"Lorem ipsum dolor sit amet, consectetuer adipiscing",GitHub,Helpful ISP Support,2007-08-26 14:59:40
Valentine U. William,60,Martinsburg,"Lorem ipsum dolor sit amet, consectetuer adipiscing elit. Curabitur sed",,WP8 Sales Rep,2010-05-28 20:18:04
Shellie Q. Espinoza,23,North Chicago,"Lorem ipsum dolor sit amet, consectetuer adipiscing",,Sadministrator,2013-01-15 20:05:01
Graham V. Schwartz,41,Peoria,"Lorem ipsum dolor sit amet, consectetuer adipiscing elit. Curabitur",PeepCode,GoDaddy Web Designer,2011-09-30 12:08:28
Linus C. Kirkland,23,Paramount,"Lorem ipsum dolor sit amet, consectetuer adipiscing elit.",PeepCode,Helpful ISP Support,2009-04-07 06:24:43
Abraham I. Carey,19,Tok,"Lorem ipsum dolor sit amet, consectetuer",,WP8 Sales Rep,2013-06-07 06:23:34
Brian C. Collier,49,Schaumburg,Lorem,Reddit,Sharepoint Guru,2007-10-26 17:36:41
Uriel M. Blackwell,30,Gardena,Lorem ipsum dolor sit,,GoDaddy Web Designer,2011-05-21 08:25:05
Amy B. Hayes,52,Sheboygan,"Lorem ipsum dolor sit amet, consectetuer adipiscing elit. Curabitur sed",,Sharepoint Guru,2008-05-03 15:47:16
Venus U. Cunningham,54,Alpharetta,"Lorem ipsum dolor sit amet,",Hacker News,Sharepoint Guru,2012-12-21 20:58:28
Neve N. Travis,46,Asheville,"Lorem ipsum dolor sit amet,",,Oracle Goon,2008-02-06 16:50:52
Pascale K. Ward,51,Tupelo,"Lorem ipsum dolor sit amet, consectetuer adipiscing elit. Curabitur",Arstechnica,Social Media Expert,2010-09-06 17:31:49
Kenyon M. Best,24,Warner Robins,Lorem ipsum,PeepCode,Sharepoint Guru,2013-01-14 09:42:21
Lacy C. Perry,45,Council Bluffs,"Lorem ipsum dolor sit amet, consectetuer adipiscing elit. Curabitur",,Social Media Expert,2010-07-22 18:21:56
Denton P. Wall,19,Hermosa Beach,Lorem,Tekpub,Sadministrator,2010-05-30 03:46:21
Baxter D. Flores,56,College Park,"Lorem ipsum dolor sit amet, consectetuer adipiscing elit. Curabitur sed",,Helpful ISP Support,2013-03-14 02:27:47
Lavinia N. Moon,47,Temecula,"Lorem ipsum dolor sit amet,",,Sharepoint Guru,2010-12-14 09:32:57
Hiram M. Pace,40,Joplin,"Lorem ipsum dolor sit amet, consectetuer adipiscing elit. Curabitur",,WP8 Sales Rep,2007-06-17 06:58:41
Wallace G. Figueroa,35,Bangor,"Lorem ipsum dolor sit amet,",,Helpful ISP Support,2012-02-06 03:55:55
Miranda U. Hester,65,Sandpoint,Lorem ipsum,Hacker News,Social Media Expert,2011-03-08 09:12:27
Gary P. Clements,23,Agoura Hills,"Lorem ipsum dolor sit amet, consectetuer adipiscing elit. Curabitur",PeepCode,GoDaddy Web Designer,2011-02-24 23:55:17
Ila G. Luna,43,New Britain,"Lorem ipsum dolor sit amet, consectetuer adipiscing",Twitter,Oracle Goon,2008-03-07 23:38:25
Channing S. Conley,54,Spokane Valley,"Lorem ipsum dolor sit amet, consectetuer adipiscing elit. Curabitur",Reddit,Oracle Goon,2008-10-07 03:45:13
Xyla H. Walker,51,Battle Creek,"Lorem ipsum dolor sit amet, consectetuer adipiscing elit. Curabitur",,Social Media Expert,2012-02-22 00:19:05
Rana E. Forbes,54,Wheeling,"Lorem ipsum dolor sit amet, consectetuer adipiscing elit. Curabitur sed",,Sadministrator,2012-09-28 22:48:54
Colette Q. Wright,51,Sandpoint,Lorem ipsum,,Sharepoint Guru,2013-06-14 11:09:12
Sonia M. Kelley,33,Richmond,"Lorem ipsum dolor sit amet, consectetuer adipiscing",Hacker News,WP8 Sales Rep,2009-12-29 15:03:23
Sophia V. Valdez,49,Brookfield,Lorem ipsum dolor sit,Hacker News,Helpful ISP Support,2008-12-11 07:02:18
Geoffrey L. Hale,23,Cambridge,"Lorem ipsum dolor sit amet, consectetuer adipiscing elit.",Arstechnica,Sharepoint Guru,2011-12-15 15:10:20
Lani B. Hanson,37,Chicago Heights,"Lorem ipsum dolor sit amet, consectetuer",Arstechnica,GoDaddy Web Designer,2008-09-10 12:35:16
Grant I. Lang,40,Enfield,"Lorem ipsum dolor sit amet, consectetuer",,GoDaddy Web Designer,2013-01-31 17:47:04
Orla T. Sandoval,21,Marlborough,"Lorem ipsum dolor sit amet, consectetuer adipiscing elit.",Hacker News,Sadministrator,2012-03-29 01:50:02
Delilah I. Curry,18,Bloomington,Lorem ipsum dolor sit,,Sadministrator,2009-04-30 00:48:30
Levi S. Galloway,28,Cortland,"Lorem ipsum dolor sit amet, consectetuer adipiscing elit.",,Sadministrator,2012-05-28 01:59:36
Lacota Q. Holloway,23,Fontana,"Lorem ipsum dolor sit amet, consectetuer adipiscing elit. Curabitur",,Oracle Goon,2008-07-03 05:33:27
Dora F. Powell,43,Pierre,Lorem ipsum,Twitter,GoDaddy Web Designer,2011-07-18 07:44:50
Dominic X. Underwood,49,Birmingham,"Lorem ipsum dolor sit amet, consectetuer adipiscing elit. Curabitur",,Helpful ISP Support,2012-12-03 10:31:23
Yuli G. Armstrong,49,Gulfport,Lorem ipsum dolor,Hacker News,Sharepoint Guru,2010-05-14 16:46:36
Brady F. Patterson,54,City of Industry,"Lorem ipsum dolor sit amet, consectetuer adipiscing",,Sharepoint Guru,2008-01-26 07:44:01
Hammett F. Camacho,45,Bethlehem,"Lorem ipsum dolor sit amet,",Reddit,WP8 Sales Rep,2012-12-14 08:04:53
Hammett N. Rich,20,Areceibo,"Lorem ipsum dolor sit amet, consectetuer",Arstechnica,Sharepoint Guru,2011-11-24 16:11:49
Jasmine Y. Hayes,25,Stevens Point,"Lorem ipsum dolor sit amet, consectetuer adipiscing elit.",PeepCode,Helpful ISP Support,2011-03-29 04:54:08
Chaim A. Steele,43,Costa Mesa,Lorem ipsum,Arstechnica,WP8 Sales Rep,2007-10-10 09:38:34
Malachi P. Anderson,43,Roseville,Lorem,,Helpful ISP Support,2008-09-13 22:09:37
Maris S. Rhodes,42,South Burlington,"Lorem ipsum dolor sit amet, consectetuer adipiscing",Hacker News,Social Media Expert,2007-06-02 05:47:46
Isaiah R. Gilmore,31,Bessemer,"Lorem ipsum dolor sit amet, consectetuer",Hacker News,Social Media Expert,2008-06-09 11:45:15
Colt I. Eaton,62,Kokomo,"Lorem ipsum dolor sit amet, consectetuer adipiscing",,Helpful ISP Support,2007-12-21 19:11:10
Florence I. Obrien,21,Wahoo,"Lorem ipsum dolor sit amet, consectetuer adipiscing elit.",Hacker News,Sharepoint Guru,2011-06-22 13:04:28
Jordan K. Roberts,48,Easthampton,"Lorem ipsum dolor sit amet, consectetuer adipiscing elit.",Twitter,Sadministrator,2008-02-09 20:09:28
Marsden J. Oconnor,26,Waco,"Lorem ipsum dolor sit amet, consectetuer",Arstechnica,GoDaddy Web Designer,2006-11-24 12:45:35
Castor S. Jones,33,Greenville,"Lorem ipsum dolor sit amet, consectetuer",,GoDaddy Web Designer,2013-05-28 06:19:35
Micah U. Ewing,39,Erie,"Lorem ipsum dolor sit amet,",Reddit,Sadministrator,2009-10-31 23:09:37
